{"r_squared": 0.15391037892455683, "rmse": 40303877.60996303}