{"r_squared": 0.03570513102945361, "rmse": 45934640.26837268}